citation_id,scene_id,source_id,support_note
1,5,1,"Supports the explanation that a database is an organized digital storage system used to organize and retrieve information."
2,5,3,"Supports the field/record concepts introduced before the query section; page 1 explains that individual pieces of information are fields and fields together make a record."
3,6,3,"Supports script segments introducing queries; page 2 explains that a database query requests data and is used to find needed information."
4,7,3,"Supports the Yahoo login example conceptually: a query requests matching data from a database."
5,8,2,"Supports concurrent-use section; page 1 states that databases allow many users to access data at the same time and contrasts this with flat files."
6,8,1,"Also supports simultaneous access through the database characteristic of centralized access."
7,9,1,"Supports scalability section; page 2 states databases can store thousands, millions, or billions of data points."
8,9,2,"Also supports scalability as a database advantage over spreadsheets."
9,10,1,"Supports permissions/access section; page 2 explains database security and different permission levels."
10,10,2,"Also supports the claim that databases restrict access to authorized users."
11,14,3,"Supports the explanation that organized records become useful when they can be searched with queries."
12,15,1,"Supports the business-use section: databases gather, store, retrieve, and organize data so organizations can use it."
13,16,3,"Supports the field-to-record summary; page 1 defines fields and records."
14,16,1,"Supports the scale and access-control summary through scalability and permission/security concepts."
