"scene_id","project_id","scene_number","title","start_time_seconds","end_time_seconds","narration_scope","visual_description","purpose","status"
"1","1","1","Yahoo breach cold open","0.00","10.19","Script segments 1-3","Yahoo Mail/password imagery on dark cyber-security background.","Open with recognizable breach/security imagery","current"
"2","1","2","2013 breach setup","10.19","20.12","Script segments 4-5","Black title card stating Yahoo reported the largest data breach in history; digital lock imagery follows.","Establish the Yahoo incident","current"
"3","1","3","Breach scale and attack imagery","20.12","33.43","Script segments 6-7","News-style Yahoo breach visual followed by terminal/code and device imagery.","Move from headline to data-security context","current"
"4","1","4","Everyday data systems","33.43","58.60","Script segments 8-9","Phone use, laptop typing, city/business footage.","Transition from breach story into how digital information is stored and used","current"
"5","1","5","Database concept bridge","58.60","79.07","Script segments 10-11","Calculator, laptop entry, handshake/business and office visuals; includes DaVinci Fusion title sections.","Bridge into database terminology","current"
"6","1","6","Finding information and queries","79.07","86.67","Script lines 1-3","Laptop/office imagery introducing retrieval of stored information.","Define why stored data must be searchable and introduce a query","current"
"7","1","7","Yahoo login query example","86.67","102.13","Script lines 1-3","Typing and office/data-use imagery leading into larger shared-system visuals.","Explain a query using a Yahoo login example","current"
"8","1","8","Concurrent use","102.13","121.57","Script lines 4-5","City pedestrian traffic, busy office and dashboard/business footage; on-screen CONCURRENT USE label appears.","Explain simultaneous database access","current"
"9","1","9","Scalability","121.57","140.97","Script lines 6-8","City growth, construction and large-building imagery; SCALABILITY label appears.","Explain growth from thousands to millions or billions of records","current"
"10","1","10","Permissions and access","140.97","165.67","Script lines 9-12","Network/cable imagery, fingerprint/security imagery and black title card reading WHO CAN SEE YOUR DATA?.","Explain permissions and privacy","current"
"11","1","11","Yahoo 2013 unauthorized access","165.67","183.70","Script lines 13-15","Coding/hacker imagery with 2013 label.","Explain unauthorized access and the scale of the Yahoo breach","current"
"12","1","12","From one breach to combined breach data","183.70","215.67","Script lines 16-20","City/crowd imagery transitions into global digital-data and server-room visuals.","Show that Yahoo was one breach among many","current"
"13","1","13","MOAB and 26 billion records","215.67","240.00","Script lines 21-26","Server-room and cyber/data imagery continue as narration shifts to 2024 and MOAB.","Introduce Mother of All Breaches and clarify scale","current"
"14","1","14","What billions of records mean","240.00","265.00","Script lines 27-33","People using computers, organizational/server imagery and work environments.","Explain that one person can appear in many records","current"
"15","1","15","Useful databases and dangerous stolen data","265.00","285.00","Script lines 34-38","Business teams, code, transactions/money and consumer-use imagery.","Contrast normal database usefulness with risks","current"
"16","1","16","Lesson about scale","285.00","307.73","Script lines 39-43","Black text card says The lesson from Yahoo and MOAB is really about scale; field label appears over computer imagery; business/handshake imagery.","Summarize the core lesson","current"
"17","1","17","Final login-box close","307.73","315.86","Script line 44","Close-up typing on keyboard.","Return to the everyday email-login image and close the video","current"
