segment_id,source_id,support_note
9,3,Supports the definition that each piece of information is a field and fields together make a record.
11,1,Supports the definition of a database as an organized digital storage system.
12,3,Supports the idea that stored data is useful when it can be found and retrieved.
13,3,Supports the Yahoo-login example conceptually because queries retrieve matching records.
14,3,Directly supports the definition of a query as a request for data from a database.
16,2,Directly supports concurrent use and the contrast between databases and flat-file/spreadsheet systems.
16,1,Also supports simultaneous centralized access by multiple users.
18,1,Supports scalability as the ability to handle very large numbers of data points.
18,2,Also supports scalability as an advantage of databases over spreadsheets.
19,1,Supports growth from thousands to millions or billions of records/data points.
22,1,Supports database security and different user permission levels.
22,2,Also supports restricting database access to authorized users.
38,3,Supports the record concept used to explain repeated appearances of one person across different accounts.
41,3,Supports the idea that organized database information can be queried.
42,3,Directly supports the return to the concept of queries.
43,3,Supports the statement that organized information can be searched and retrieved.
44,1,Supports the business usefulness of databases for gathering storing retrieving and organizing data.
51,3,Supports the field-to-record relationship.
52,3,Supports the concept that records are made from fields and stored in database tables.
53,1,Supports database scalability to millions or billions of data points.
54,1,Supports the combined importance of scalability security and permission-controlled access.
3,7,Supports the opening MOAB claim: Cybernews reports discovery of an open instance with more than 26 billion records and describes it as the Mother of All Breaches.
24,6,Supports the August 2013 Yahoo data theft by an unauthorized third party.
25,6,Supports Yahoo later determining that all accounts existing at the time were affected.
26,6,Supports the approximately three billion Yahoo-account figure.
29,7,Supports the statement that records from many previous breaches were compiled and reindexed into large collections.
30,7,Supports that the aggregated collection contained account-related information from many prior breaches and databases.
31,7,Supports the transition to huge combined collections of previously breached data.
32,7,Supports the 2024 MOAB context and discovery reporting.
33,7,Supports the name Mother of All Breaches and the description of the collection.
34,7,Supports the figure of more than 26 billion records.
35,7,Supports the caution that the record count does not represent 26 billion unique people; Cybernews notes likely duplicates.
36,7,Supports that MOAB was not one new giant attack but a compilation of multiple breaches.
37,7,Supports that the collection was mostly information from past breaches and reindexed leaks.
