"segment_id","scene_id","text"
"1","1","So what happened?"
"2","1","And what does the biggest collection of stolen data ever discovered have to do with databases?"
"3","1","In early 2024, security researchers discovered an enormous collection of stolen information that became known as the Mother of All Breaches, or MOAB."
"4","2","To find out, we'll have to go back to the beginning."
"5","2","Before we can understand how billions of records ended up in one place, we need to understand what a database actually is."
"6","3","It’s a good question, and the answer starts with your email account."
"7","3","If you had a Yahoo account, Yahoo had to keep track of information about you."
"8","4","Your name, your email address, your phone number, your date of birth, your password information, even your security questions."
"9","4","Each individual piece of information is called a field. Put those fields together, and you have a record."
"10","5","So every Yahoo account created another record that Yahoo had to store and manage."
"11","5","And when you’re dealing with hundreds of millions, or eventually billions, of accounts, you need a system built to organize all of that information. That system is a database."
"12","","And having all that information stored is only useful if you can actually find what you need."
"13","","Say you type your Yahoo email address into the login screen. Yahoo doesn’t scroll through millions of accounts looking for yours. It asks the database for the record that matches."
"14","","That request is called a query.”"
"15","","“And Yahoo had another problem. A lot of people were doing this at the same time."
"16","","Databases are built for concurrent use, meaning lots of people can access the same system at once. That’s one reason a company like Yahoo needs a database instead of one enormous spreadsheet.”     Database vs spreadsheet"
"17","","“Then there’s size."
"18","","As more people sign up, the database has to grow with them. That ability to keep handling more and more information is called scalability."
"19","","Thousands of records can become millions. Millions can become billions.”     databases"
"20","","“But there’s one question we haven’t asked yet."
"21","","Who is allowed to see all of it?”"
"22","","“Databases use permissions to control access. One person might be allowed to see information. Another might be allowed to change it. Someone else might not be allowed in at all.”     databases"
"23","","“And that brings us back to Yahoo.”"
"24","","“In 2013, someone who wasn’t supposed to have access got access to Yahoo account data."
"25","","Eventually, Yahoo revealed that every account it had at the time had been affected."
"26","","About three billion accounts.”"
"27","","“Three billion sounded enormous."
"28","","But Yahoo was only one breach.”"
"29","","“Over the years, stolen records from Yahoo and thousands of other breaches kept circulating."
"30","","Some were usernames. Some were email addresses. Some contained passwords or other account information."
"31","","And eventually, huge collections of that stolen data started getting combined.”"
"32","","“Which brings us to 2024.”"
"33","","“Researchers uncovered a collection so large it was nicknamed the Mother of All Breaches — MOAB."
"34","","About 26 billion records.”"
"35","","“But here’s the important part."
"36","","That does not mean 26 billion people were hacked in one giant attack."
"37","","MOAB was largely a collection of records from earlier breaches gathered together in one place.”"
"38","","“And now that we know what a record is, that number makes a little more sense."
"39","","The same person can have a Yahoo account, a social media account, a shopping account, and dozens of other accounts."
"40","","One person can appear in many different records.”"
"41","","“But putting billions of records together creates something powerful."
"42","","Remember queries?"
"43","","Once information is organized, it can be searched.”"
"44","","“That’s what makes databases so useful to businesses. They don’t just hold information. They make enormous amounts of information easier to find, update, organize, and use.”     databases"
"45","","“And the same thing that makes a database useful can make stolen data dangerous."
"46","","A pile of random information is one thing."
"47","","Billions of organized, searchable records are something else.”"
"48","","“That doesn’t make databases bad technology. Almost every organization depends on them."
"49","","Stores use them for customers and inventory. Banks use them for accounts and transactions. Streaming services use them to keep track of users and content. Even your email account depends on one.”"
"50","","“The lesson from Yahoo and MOAB is really about scale."
"51","","One field becomes part of a record."
"52","","Records fill a database."
"53","","Databases can grow to serve millions or billions of users."
"54","","And when that much information is collected in one place, managing who can access it becomes just as important as storing it.”"
"55","","“So the next time you log into your email, there’s a lot more happening behind that little password box than it looks like.”"
